{
  "data_processed": {
    "x_rel": {
      "min": -3.9991049766540527,
      "max": 3.9963760375976562
    },
    "y_rel": {
      "min": -3.9889297485351562,
      "max": 3.991689682006836
    },
    "vx_rel": {
      "min": -4.000051021575928,
      "max": 1.9878120422363281
    },
    "vy_rel": {
      "min": -2.2094643115997314,
      "max": 1.999964714050293
    },
    "is_robot": {
      "min": -1.0,
      "max": 1.0
    }
  },
  "data_augmented": {
    "x_rel": {
      "min": -3.9991049766540527,
      "max": 3.9963760375976562
    },
    "y_rel": {
      "min": -3.991689682006836,
      "max": 3.9889297485351562
    },
    "vx_rel": {
      "min": -4.000051021575928,
      "max": 1.9878120422363281
    },
    "vy_rel": {
      "min": -1.999964714050293,
      "max": 2.2094643115997314
    },
    "is_robot": {
      "min": -1.0,
      "max": 1.0
    }
  }
}