{
  "data_processed": {
    "x_rel": {
      "min": -25.63924217224121,
      "max": 23.6755313873291
    },
    "y_rel": {
      "min": -23.77761459350586,
      "max": 27.81532859802246
    },
    "vx_rel": {
      "min": -4.000301837921143,
      "max": 1.999851942062378
    },
    "vy_rel": {
      "min": -2.2094643115997314,
      "max": 2.0001869201660156
    },
    "is_robot": {
      "min": -1.0,
      "max": 1.0
    }
  },
  "data_augmented": {
    "x_rel": {
      "min": -25.63924217224121,
      "max": 23.6755313873291
    },
    "y_rel": {
      "min": -27.81532859802246,
      "max": 23.77761459350586
    },
    "vx_rel": {
      "min": -4.000301837921143,
      "max": 1.999851942062378
    },
    "vy_rel": {
      "min": -2.0001869201660156,
      "max": 2.2094643115997314
    },
    "is_robot": {
      "min": -1.0,
      "max": 1.0
    }
  }
}