{
  "data_processed": {
    "x_rel": {
      "min": -25.63924217224121,
      "max": 22.11101722717285
    },
    "y_rel": {
      "min": -23.77761459350586,
      "max": 27.81532859802246
    },
    "vx_rel": {
      "min": -4.000301837921143,
      "max": 1.989737868309021
    },
    "vy_rel": {
      "min": -2.2094643115997314,
      "max": 1.9999988079071045
    },
    "is_robot": {
      "min": -1.0,
      "max": 1.0
    }
  },
  "data_augmented": {
    "x_rel": {
      "min": -25.63924217224121,
      "max": 22.11101722717285
    },
    "y_rel": {
      "min": -27.81532859802246,
      "max": 23.77761459350586
    },
    "vx_rel": {
      "min": -4.000301837921143,
      "max": 1.989737868309021
    },
    "vy_rel": {
      "min": -1.9999988079071045,
      "max": 2.2094643115997314
    },
    "is_robot": {
      "min": -1.0,
      "max": 1.0
    }
  },
  "label_processed": {
    "dx": {
      "min": -1.141510009765625,
      "max": 1.0000534057617188
    },
    "dy": {
      "min": -1.373676061630249,
      "max": 1.7015609741210938
    }
  },
  "label_augmented": {
    "dx": {
      "min": -1.141510009765625,
      "max": 1.0000534057617188
    },
    "dy": {
      "min": -1.7015609741210938,
      "max": 1.373676061630249
    }
  }
}